word,frequency,is_finance,sentiment_score,is_phrase,notes
股份,1252,N,,,
关于,1241,N,,,
公司,1237,N,,,
公告,1152,Y,,,
有限,874,N,,,
限公司,852,N,,,
限公,852,N,,,
有限公司,851,N,,,
有限公,851,N,,,
年度,819,N,,,
股份有限,810,N,,,
份有限公,810,N,,,
股份有,810,N,,,
份有限,810,N,,,
份有,810,N,,,
股东,702,N,,,
大会,571,N,,,
股东大会,570,N,,,
股东大,570,N,,,
东大会,570,N,,,
东大,570,N,,,
的公,526,N,,,
的公告,522,Y,,,
年年,493,N,,,
度股,486,N,,,
度股东大,485,N,,,
度股东,485,N,,,
年度股东,484,N,,,
年度股,484,N,,,
年年度,467,N,,,
意见,418,N,,,
年年度股,384,N,,,
科技,367,N,,,
会议,347,N,,,
董事,346,N,,,
决议,297,N,,,
议公,288,N,,,
股票,287,N,,,
决议公告,285,N,,,
决议公,285,N,,,
议公告,285,Y,,,
事会,282,N,,,
公司关,274,N,,,
司关,274,N,,,
公司关于,273,N,,,
司关于,273,N,,,
说明,266,N,,,
报告,260,Y,,,
限公司关,252,N,,,
证券,250,N,,,
会的,242,N,,,
发行,216,N,,,
业绩,214,Y,,,
说明会,207,N,,,
明会,207,N,,,
独立,205,N,,,
法律意见,204,N,,,
法律意,204,N,,,
律意见,204,N,,,
法律,204,N,,,
律意,204,N,,,
活动,195,N,,,
业绩说明,193,Y,,,
业绩说,193,Y,,,
绩说明,193,N,,,
绩说,193,N,,,
绩说明会,192,N,,,
投资,192,N,,,
董事会,191,N,,,
意见书,185,Y,,,
见书,185,Y,,,
律意见书,184,N,,,
集团,172,N,,,
事会第,169,N,,,
会第,169,N,,,
事务,164,N,,,
次会议,163,N,,,
次会,163,N,,,
会决议,161,N,,,
会决,161,N,,,
上市,160,N,,,
投资者,157,N,,,
资者,157,N,,,
东大会的,157,N,,,
大会的,157,N,,,
会决议公,156,N,,,
事务所,154,N,,,
务所,154,N,,,
东大会决,153,N,,,
大会决议,153,N,,,
大会决,153,N,,,
科技股份,150,N,,,
科技股,150,N,,,
技股份,150,N,,,
技股,150,N,,,
技股份有,149,N,,,
师事务所,147,N,,,
师事务,147,N,,,
师事,147,N,,,
计划,145,N,,,
激励,144,N,,,
届董事会,142,N,,,
届董事,142,N,,,
届董,142,N,,,
召开,141,Y,,,
交易,140,N,,,
北京,140,N,,,
所关,137,N,,,
所关于,133,N,,,
会会议,133,N,,,
会会,133,N,,,
会议决议,132,N,,,
会议决,132,N,,,
议决议,132,N,,,
议决,132,N,,,
事务所关,131,N,,,
务所关于,131,N,,,
务所关,131,N,,,
关于公,130,N,,,
于公,130,N,,,
律师,130,N,,,
议决议公,129,N,,,
关于公司,128,N,,,
于公司,128,N,,,
公开,127,Y,,,
大会会议,127,N,,,
大会会,127,N,,,
事项,126,N,,,
关于召开,126,Y,,,
关于召,126,N,,,
于召开,126,Y,,,
于召,126,N,,,
立董事,126,N,,,
立董,126,N,,,
东大会会,126,N,,,
第二,125,N,,,
独立董事,125,N,,,
独立董,125,N,,,
的法律意,123,N,,,
的法律,123,N,,,
的法,123,N,,,
董事会第,123,N,,,
开发,120,Y,,,
律师事务,120,N,,,
律师事,120,N,,,
资料,117,N,,,
公开发行,116,Y,,,
公开发,116,Y,,,
开发行,116,Y,,,
年第,115,N,,,
资金,114,N,,,
监事,113,N,,,
行股,110,N,,,
相关,110,N,,,
关系,110,N,,,
上海,110,N,,,
限制性股,110,N,,,
制性股票,110,N,,,
限制性,110,N,,,
制性股,110,N,,,
性股票,110,N,,,
制性,110,N,,,
性股,110,N,,,
控股,109,N,,,
投资者关,109,N,,,
资者关系,109,N,,,
资者关,109,N,,,
者关系,109,N,,,
记录表,109,N,,,
者关,109,N,,,
记录,109,N,,,
录表,109,N,,,
次会议决,109,N,,,
会议资料,109,N,,,
会议资,109,N,,,
议资料,109,N,,,
议资,109,N,,,
证券股份,108,N,,,
券股份有,108,N,,,
证券股,108,N,,,
券股份,108,N,,,
券股,108,N,,,
第一,107,N,,,
会会议资,107,N,,,
活动记录,106,N,,,
动记录表,106,N,,,
活动记,106,N,,,
动记录,106,N,,,
动记,106,N,,,
管理,106,N,,,
激励计划,106,N,,,
激励计,106,N,,,
励计划,106,N,,,
励计,106,N,,,
发行股,104,N,,,
者关系活,101,N,,,
关系活动,101,N,,,
关系活,101,N,,,
系活动,101,N,,,
系活,101,N,,,
临时,100,N,,,
系活动记,100,N,,,
技术,100,N,,,
首次,99,N,,,
深圳,99,N,,,
大会的法,98,N,,,
会的法律,98,N,,,
会的法,98,N,,,
集团股份,98,N,,,
集团股,98,N,,,
团股份,98,N,,,
团股,98,N,,,
部分,97,Y,,,
事项的,97,N,,,
项的,97,N,,,
团股份有,97,N,,,
电子,93,N,,,
提示,92,Y,,,
度业绩,92,Y,,,
度业,92,N,,,
监事会,91,N,,,
提示性公,87,N,,,
示性公告,87,N,,,
提示性,87,N,,,
示性公,87,N,,,
性公告,87,Y,,,
示性,87,N,,,
性公,87,N,,,
进展,86,N,,,
说明会的,85,N,,,
明会的,85,N,,,
行股票,83,N,,,
性股票激,83,N,,,
股票激励,83,N,,,
票激励计,83,N,,,
股票激,83,N,,,
票激励,83,N,,,
票激,83,N,,,
会的公告,83,N,,,
会的公,83,N,,,
发行股票,82,N,,,
明会的公,82,N,,,
股股,80,N,,,
信息,80,N,,,
募集,76,N,,,
年度业绩,76,Y,,,
年度业,76,N,,,
度业绩说,76,Y,,,
生物,75,N,,,
实施,75,N,,,
的提示性,75,N,,,
的提示,75,Y,,,
的提,75,N,,,
次临时,74,N,,,
次临,74,N,,,
问询,74,N,,,
询函,74,Y,,,
保荐,74,N,,,
开发行股,73,Y,,,
独立意见,72,N,,,
独立意,72,N,,,
立意见,72,N,,,
立意,72,N,,,
通知,72,N,,,
进展公告,72,N,,,
进展公,72,N,,,
展公告,72,Y,,,
展公,72,N,,,
第十,72,N,,,
情况,70,N,,,
关事项,70,N,,,
关事,70,N,,,
持续,70,Y,,,
一次,70,N,,,
的独立,69,N,,,
的独,69,N,,,
持续督导,69,Y,,,
持续督,69,Y,,,
续督导,69,N,,,
续督,69,N,,,
督导,69,N,,,
浙江,68,N,,,
的独立意,68,N,,,
回复,67,Y,,,
相关事项,67,N,,,
相关事,67,N,,,
日投资者,66,N,,,
日投资,66,N,,,
日投,66,N,,,
交易所,66,N,,,
易所,66,N,,,
所上市,66,N,,,
所上,66,N,,,
核查,66,N,,,
子公司,66,N,,,
子公,66,N,,,
立董事关,65,N,,,
董事关于,65,N,,,
董事关,65,N,,,
事关于,65,N,,,
事关,65,N,,,
年限制性,65,N,,,
年限制,65,N,,,
年限,65,N,,,
核查意见,64,N,,,
核查意,64,N,,,
查意见,64,N,,,
查意,64,N,,,
权益,64,N,,,
证券交易,63,N,,,
券交易所,63,N,,,
证券交,63,N,,,
券交易,63,N,,,
券交,63,N,,,
第三,63,N,,,
业股,62,N,,,
网上,62,N,,,
临时股东,62,N,,,
时股东大,62,N,,,
临时股,62,N,,,
时股东,62,N,,,
时股,62,N,,,
次临时股,61,N,,,
告书,61,Y,,,
持股,61,Y,,,
年报,60,Y,,,
首次公开,60,Y,,,
次公开发,60,Y,,,
业股份,60,N,,,
首次公,60,N,,,
次公开,60,Y,,,
次公,60,N,,,
对象,60,N,,,
关事项的,60,N,,,
的进展公,60,N,,,
的进展,60,N,,,
的进,60,N,,,
事会第十,60,N,,,
会第十,60,N,,,
路演,59,N,,,
控股股,58,N,,,
业股份有,57,N,,,
路演活动,57,N,,,
路演活,57,N,,,
演活动,57,N,,,
演活,57,N,,,
募集资金,57,N,,,
募集资,57,N,,,
集资金,57,N,,,
集资,57,N,,,
中国,56,N,,,
报告书,56,Y,,,
第五,55,N,,,
关于第,55,N,,,
于第,55,N,,,
会议相关,54,N,,,
会议相,54,N,,,
议相关,54,N,,,
议相,54,N,,,
授予,54,N,,,
使用,53,N,,,
现金,53,N,,,
年第一,53,N,,,
控股股东,52,N,,,
股股东,52,N,,,
公司股,52,N,,,
司股,52,N,,,
交所,52,N,,,
所上市后,52,N,,,
上市后,52,N,,,
市后,52,N,,,
届监事会,51,N,,,
届监事,51,N,,,
届监,51,N,,,
度报,51,N,,,
议相关事,50,N,,,
度报告,50,Y,,,
二次,50,N,,,
新材,49,Y,,,
活动信息,49,N,,,
活动信,49,N,,,
动信息,49,N,,,
动信,49,N,,,
函的,49,N,,,
北交所上,49,N,,,
交所上市,49,N,,,
北交所,49,N,,,
交所上,49,N,,,
北交,49,N,,,
的核查意,49,N,,,
的核查,49,N,,,
的核,49,N,,,
智能,48,N,,,
财务,48,N,,,
度持续督,48,Y,,,
度持续,48,Y,,,
度持,48,Y,,,
上市后适,47,N,,,
市后适用,47,N,,,
市后适,47,N,,,
后适用,47,N,,,
后适,47,N,,,
适用,47,N,,,
监事会第,46,N,,,
药业,46,N,,,
事项的独,46,N,,,
项的独立,46,N,,,
项的独,46,N,,,
年度报告,46,N,,,
年度报,46,N,,,
资产,46,N,,,
施公告,46,Y,,,
施公,46,N,,,
特瑞,46,N,,,
注册,45,N,,,
次会议相,45,N,,,
青矩技术,45,N,,,
青矩技,45,N,,,
矩技术,45,N,,,
青矩,45,N,,,
矩技,45,N,,,
第四,45,N,,,
特瑞斯,45,N,,,
瑞斯,45,N,,,
实施公告,44,N,,,
实施公,44,N,,,
第五届,43,N,,,
五届,43,N,,,
材料,43,N,,,
制度,43,N,,,
东大会法,43,N,,,
大会法律,43,N,,,
会法律意,43,N,,,
大会法,43,N,,,
会法律,43,N,,,
会法,43,N,,,
申请,42,N,,,
股票并,42,Y,,,
票并,42,Y,,,
第一次,42,N,,,
东方,41,N,,,
关联,41,N,,,
申报,41,N,,,
行股票并,40,Y,,,
网上业绩,40,Y,,,
上业绩说,40,Y,,,
网上业,40,N,,,
上业绩,40,Y,,,
上业,40,N,,,
信证券,40,N,,,
信证,40,N,,,
进行,40,N,,,
年第二,40,N,,,
年度持续,40,Y,,,
年度持,40,Y,,,
权益分派,40,Y,,,
权益分,40,Y,,,
益分派,40,Y,,,
益分,40,Y,,,
分派,40,Y,,,
度网上业,39,N,,,
度网上,39,N,,,
度网,39,N,,,
中信,39,N,,,
年年度报,39,N,,,
的回,39,Y,,,
工作,39,N,,,
能源,39,N,,,
关于控股,38,N,,,
关于控,38,N,,,
于控股,38,N,,,
于控,38,N,,,
公司第,38,N,,,
司第,38,N,,,
申报稿,38,N,,,
报稿,38,N,,,
限售,38,N,,,
债券,38,N,,,
年度权益,38,N,,,
度权益分,38,Y,,,
年度权,38,N,,,
度权益,38,N,,,
度权,38,N,,,
闲置,38,N,,,
披露,37,N,,,
年度网上,37,N,,,
年度网,37,N,,,
年报问询,37,Y,,,
报问询函,37,N,,,
年报问,37,Y,,,
报问询,37,N,,,
报问,37,N,,,
事会第二,37,N,,,
会第二,37,N,,,
益分派实,37,Y,,,
分派实施,37,Y,,,
派实施公,37,Y,,,
分派实,37,Y,,,
派实施,37,Y,,,
派实,37,Y,,,
演活动信,36,N,,,
补充,36,N,,,
金管理,36,N,,,
金管,36,N,,,
弘信电子,36,N,,,
弘信电,36,N,,,
信电子,36,N,,,
弘信,36,N,,,
信电,36,N,,,
股票并在,36,Y,,,
票并在,36,Y,,,
并在,36,Y,,,
完成,36,N,,,
情况的,36,N,,,
况的,36,N,,,
激励对象,36,N,,,
激励对,36,N,,,
励对象,36,N,,,
励对,36,N,,,
二十,36,N,,,
一季度,35,N,,,
一季,35,N,,,
季度,35,N,,,
实业,35,N,,,
第二次,35,N,,,
的回复,35,Y,,,
公司债,35,N,,,
司债,35,N,,,
北京市,35,N,,,
京市,35,N,,,
一次会议,35,N,,,
一次会,35,N,,,
公司首次,34,N,,,
司首次公,34,N,,,
公司首,34,N,,,
司首次,34,N,,,
司首,34,N,,,
深圳证券,34,N,,,
圳证券交,34,N,,,
深圳证,34,N,,,
圳证券,34,N,,,
圳证,34,N,,,
特定,34,N,,,
问询函的,34,N,,,
询函的,34,N,,,
会计,34,N,,,
会的通知,34,N,,,
会的通,34,N,,,
的通知,34,N,,,
的通,34,N,,,
会第二十,34,N,,,
第二十,34,N,,,
变更,34,N,,,
审核,33,N,,,
计师,33,N,,,
二次临时,33,N,,,
二次临,33,N,,,
更正,33,N,,,
公司债券,33,N,,,
司债券,33,N,,,
现金管理,33,N,,,
现金管,33,N,,,
江苏,33,N,,,
会计师,32,N,,,
杭州,32,N,,,
首次授予,32,N,,,
首次授,32,N,,,
次授予,32,N,,,
次授,32,N,,,
司关于召,32,N,,,
大会的通,32,N,,,
解除,31,N,,,
年第二次,31,N,,,
关于深圳,31,N,,,
函的回复,31,Y,,,
关于深,31,N,,,
于深圳,31,N,,,
函的回,31,Y,,,
于深,31,N,,,
关于举,31,N,,,
于举,31,N,,,
闲置募集,31,N,,,
置募集资,31,N,,,
进行现金,31,N,,,
行现金管,31,N,,,
闲置募,31,N,,,
置募集,31,N,,,
进行现,31,N,,,
行现金,31,N,,,
置募,31,N,,,
行现,31,N,,,
事关于第,31,N,,,
名单,31,N,,,
质押,30,Y,,,
第五届董,30,N,,,
五届董事,30,N,,,
五届董,30,N,,,
信证券股,30,N,,,
监管,30,N,,,
关联交易,30,N,,,
关联交,30,N,,,
联交易,30,N,,,
联交,30,N,,,
年年度权,30,N,,,
于控股股,29,N,,,
部分股,29,Y,,,
分股,29,Y,,,
医疗,29,N,,,
广东,29,N,,,
软件,29,N,,,
第二次临,29,N,,,
章程,29,N,,,
控制,29,N,,,
持股份,29,Y,,,
对象名单,29,N,,,
对象名,29,N,,,
象名单,29,N,,,
象名,29,N,,,
第二届,29,N,,,
二届,29,N,,,
审计,28,N,,,
技术股份,28,N,,,
术股份有,28,N,,,
技术股,28,N,,,
术股份,28,N,,,
术股,28,N,,,
管理制度,28,N,,,
管理制,28,N,,,
理制度,28,N,,,
理制,28,N,,,
第三届,28,N,,,
三届,28,N,,,
公司章程,28,N,,,
公司章,28,N,,,
司章程,28,N,,,
司章,28,N,,,
提供,28,N,,,
第一季度,28,N,,,
第一季,28,N,,,
修订,28,N,,,
励对象名,28,N,,,
创业板,28,N,,,
创业,28,N,,,
业板,28,N,,,
保荐书,27,Y,,,
荐书,27,Y,,,
中信证券,27,N,,,
中信证,27,N,,,
会计师事,27,N,,,
计师事务,27,N,,,
计师事,27,N,,,
股权,27,N,,,
责任,27,N,,,
行股份,27,N,,,
购买,27,Y,,,
异常,27,N,,,
非公开,27,Y,,,
非公,27,N,,,
股票期权,27,N,,,
股票期,27,N,,,
票期权,27,N,,,
票期,27,N,,,
期权,27,N,,,
流通,27,N,,,
年第一季,27,N,,,
变动,27,N,,,
股票交易,27,N,,,
股票交,27,N,,,
票交易,27,N,,,
票交,27,N,,,
关于使用,27,N,,,
关于使,27,N,,,
于使用,27,N,,,
于使,27,N,,,
全资子公,27,N,,,
资子公司,27,N,,,
全资子,27,N,,,
资子公,27,N,,,
全资,27,N,,,
资子,27,N,,,
调整,26,N,,,
年年报,26,Y,,,
更新,26,Y,,,
非公开发,26,Y,,,
会关于,26,N,,,
会关,26,N,,,
上市流通,26,N,,,
上市流,26,N,,,
市流通,26,N,,,
市流,26,N,,,
高科,26,Y,,,
板上市,26,N,,,
板上,26,N,,,
股份关,26,N,,,
份关,26,N,,,
人声明,26,N,,,
人声,26,N,,,
声明,26,N,,,
专项,25,N,,,
草案,25,Y,,,
可转,25,Y,,,
资金进行,25,N,,,
金进行现,25,N,,,
资金进,25,N,,,
金进行,25,N,,,
金进,25,N,,,
理的,25,N,,,
年第一次,25,N,,,
第一次临,25,N,,,
一次临时,25,N,,,
一次临,25,N,,,
数据,25,N,,,
创业板上,25,N,,,
业板上市,25,N,,,
业板上,25,N,,,
制药,25,N,,,
股份关于,25,N,,,
份关于,25,N,,,
辞职,24,N,,,
任公司,24,N,,,
任公,24,N,,,
案的,24,N,,,
关于对,24,N,,,
于对,24,N,,,
银行,24,N,,,
跟踪报告,24,N,,,
跟踪报,24,N,,,
踪报告,24,Y,,,
跟踪,24,N,,,
踪报,24,N,,,
承诺,24,N,,,
证券关于,24,N,,,
证券关,24,N,,,
券关于,24,N,,,
券关,24,N,,,
人员,24,N,,,
换公司债,24,N,,,
可转换,24,Y,,,
换公司,24,N,,,
转换,24,Y,,,
换公,24,N,,,
大会的提,24,N,,,
会的提示,24,N,,,
会的提,24,N,,,
使用部分,24,Y,,,
使用部,24,N,,,
用部分,24,Y,,,
用部,24,N,,,
票交易异,24,N,,,
交易异常,24,N,,,
易异常波,24,N,,,
异常波动,24,N,,,
交易异,24,N,,,
易异常,24,N,,,
异常波,24,N,,,
常波动,24,N,,,
易异,24,N,,,
常波,24,N,,,
波动,24,N,,,
励计划首,24,N,,,
计划首次,24,N,,,
划首次授,24,N,,,
计划首,24,N,,,
划首次,24,N,,,
划首,24,N,,,
公司股份,23,N,,,
司股份,23,N,,,
材料股份,23,N,,,
料股份有,23,N,,,
材料股,23,N,,,
料股份,23,N,,,
料股,23,N,,,
特定对象,23,N,,,
定对象发,23,N,,,
对象发行,23,N,,,
特定对,23,N,,,
定对象,23,N,,,
对象发,23,N,,,
象发行,23,N,,,
定对,23,N,,,
象发,23,N,,,
深圳市,23,N,,,
圳市,23,N,,,
监事会关,23,N,,,
事会关于,23,N,,,
事会关,23,N,,,
议事,23,N,,,
第四届,23,N,,,
四届,23,N,,,
部分限,23,Y,,,
分限,23,Y,,,
权激励,23,N,,,
权激,23,N,,,
股东减持,23,Y,,,
股东减,23,Y,,,
东减持,23,Y,,,
东减,23,Y,,,
减持股份,23,Y,,,
减持股,23,Y,,,
动的,23,N,,,
十一次,23,N,,,
十一,23,N,,,
第二届董,23,N,,,
二届董事,23,N,,,
二届董,23,N,,,
质押的,22,Y,,,
押的,22,N,,,
实业股份,22,N,,,
限公司首,22,N,,,
关于浙,22,N,,,
实业股,22,N,,,
于浙,22,N,,,
关注,22,N,,,
询函的回,22,Y,,,
田微,22,N,,,
发行股份,22,N,,,
电子科技,22,N,,,
电子科,22,N,,,
子科技,22,N,,,
子科,22,N,,,
高级管理,22,Y,,,
级管理人,22,N,,,
管理人员,22,N,,,
高级管,22,Y,,,
级管理,22,N,,,
管理人,22,N,,,
理人员,22,N,,,
高级,22,Y,,,
级管,22,N,,,
理人,22,N,,,
有限责任,22,N,,,
限责任公,22,N,,,
责任公司,22,N,,,
可转换公,22,Y,,,
转换公司,22,Y,,,
有限责,22,N,,,
限责任,22,N,,,
责任公,22,N,,,
转换公,22,Y,,,
限责,22,N,,,
金管理的,22,N,,,
管理的,22,N,,,
第六,22,N,,,
环境,22,N,,,
参加,22,N,,,
权益变动,22,N,,,
权益变,22,N,,,
益变动,22,N,,,
益变,22,N,,,
司关于公,22,N,,,
十一次会,22,N,,,
担保的,22,N,,,
保的,22,N,,,
瑞德,22,N,,,
三次,22,N,,,
质押的公,21,Y,,,
押的公告,21,N,,,
押的公,21,N,,,
收到,21,N,,,
关于浙江,21,N,,,
于浙江,21,N,,,
说明书,21,Y,,,
明书,21,Y,,,
演活动等,21,N,,,
活动等,21,N,,,
动等,21,N,,,
联合,21,N,,,
及其,21,N,,,
的专项,21,N,,,
的专,21,N,,,
第三届董,21,N,,,
三届董事,21,N,,,
三届董,21,N,,,
规则,21,N,,,
年股,21,N,,,
四次,21,N,,,
权激励计,21,N,,,
关于股,21,N,,,
于股,21,N,,,
上市的,21,N,,,
市的,21,N,,,
票并在创,21,Y,,,
并在创业,21,Y,,,
在创业板,21,N,,,
并在创,21,Y,,,
在创业,21,N,,,
在创,21,N,,,
书的,20,N,,,
发展,20,N,,,
环保,20,N,,,
报告的,20,N,,,
告的,20,N,,,
成的,20,N,,,
重大,20,Y,,,
购买资产,20,Y,,,
购买资,20,Y,,,
买资产,20,N,,,
买资,20,N,,,
总结报告,20,N,,,
总结报,20,N,,,
结报告,20,Y,,,
总结,20,N,,,
结报,20,N,,,
机械,20,N,,,
光电,20,N,,,
限售股,20,N,,,
售股,20,N,,,
关于举行,20,N,,,
于举行,20,N,,,
举行,20,N,,,
续督导意,20,N,,,
督导意见,20,N,,,
督导意,20,N,,,
导意见,20,N,,,
导意,20,N,,,
证券有限,20,N,,,
任公司关,20,N,,,
证券有,20,N,,,
券有限,20,N,,,
券有,20,N,,,
部分闲置,20,Y,,,
部分闲,20,Y,,,
分闲置,20,Y,,,
分闲,20,Y,,,
盛弘,20,N,,,
回购股份,20,Y,,,
回购股,20,Y,,,
购股份,20,Y,,,
购股,20,Y,,,
第八,20,N,,,
情况的公,20,N,,,
况的公告,20,N,,,
况的公,20,N,,,
限公司第,20,N,,,
提供担保,20,N,,,
提供担,20,N,,,
供担保,20,N,,,
供担,20,N,,,
关于上海,20,N,,,
关于上,20,N,,,
于上海,20,N,,,
于上,20,N,,,
瑞德智能,20,N,,,
瑞德智,20,N,,,
德智能,20,N,,,
德智,20,N,,,
东田微,20,N,,,
东田,20,N,,,
瑜欣电子,20,N,,,
瑜欣电,20,N,,,
欣电子,20,N,,,
瑜欣,20,N,,,
欣电,20,N,,,
招股说明,19,N,,,
股说明书,19,N,,,
招股说,19,N,,,
股说明,19,N,,,
招股,19,N,,,
股说,19,N,,,
的审核,19,N,,,
的审,19,N,,,
期回,19,Y,,,
合伙,19,N,,,
件股,19,N,,,
十次会议,19,N,,,
十次会,19,N,,,
十次,19,N,,,
司关于深,19,N,,,
暨关联交,19,N,,,
暨关联,19,N,,,
暨关,19,N,,,
科技集团,19,N,,,
技集团股,19,N,,,
科技集,19,N,,,
技集团,19,N,,,
厦门,19,N,,,
技集,19,N,,,
议事规则,19,N,,,
议事规,19,N,,,
事规则,19,N,,,
事规,19,N,,,
发行可,19,N,,,
行可,19,N,,,
七次,19,N,,,
建设,19,N,,,
以上股,19,N,,,
以上,19,N,,,
上股,19,N,,,
集资金进,19,N,,,
盛弘股份,19,N,,,
盛弘股,19,N,,,
弘股份,19,N,,,
弘股,19,N,,,
迈科,19,N,,,
名单的,19,N,,,
单的,19,N,,,
防务,19,N,,,
股股票,19,N,,,
九次会议,19,N,,,
九次会,19,N,,,
九次,19,N,,,
审计报告,18,N,,,
审计报,18,N,,,
计报告,18,Y,,,
报表,18,N,,,
计报,18,N,,,
新材料,18,Y,,,
普通,18,N,,,
买资产并,18,Y,,,
资产并募,18,Y,,,
产并募集,18,Y,,,
并募集配,18,Y,,,
募集配套,18,N,,,
集配套资,18,N,,,
配套资金,18,N,,,
资产并,18,Y,,,
产并募,18,Y,,,
并募集,18,Y,,,
募集配,18,N,,,
集配套,18,N,,,
配套资,18,N,,,
套资金,18,N,,,
产并,18,Y,,,
并募,18,Y,,,
集配,18,N,,,
配套,18,N,,,
套资,18,N,,,
对外,18,N,,,
会议事规,18,N,,,
会议事,18,N,,,
股子公司,18,N,,,
股子公,18,N,,,
股子,18,N,,,
事关于公,18,N,,,
年股票期,18,N,,,
年股票,18,N,,,
发行可转,18,Y,,,
行可转换,18,Y,,,
行可转,18,Y,,,
用部分闲,18,Y,,,
分闲置募,18,Y,,,
第四届董,18,N,,,
四届董事,18,N,,,
四届董,18,N,,,
以上股东,18,N,,,
上股东,18,N,,,
结果,18,N,,,
医药,18,N,,,
象名单的,18,N,,,
关于向,18,N,,,
于向,18,N,,,
新能,18,Y,,,
海证券,18,N,,,
海证,18,N,,,
第九,18,N,,,
电器,18,N,,,
健康,17,N,,,
部分股份,17,Y,,,
分股份,17,Y,,,
购公,17,Y,,,
公司申请,17,N,,,
公司申,17,N,,,
司申请,17,N,,,
司申,17,N,,,
苏州,17,N,,,
审核问询,17,N,,,
核问询函,17,N,,,
审核问,17,N,,,
核问询,17,N,,,
核问,17,N,,,
事会第三,17,N,,,
会第三,17,N,,,
项目,17,N,,,
登记,17,N,,,
续督导跟,17,N,,,
督导跟踪,17,N,,,
导跟踪报,17,N,,,
督导跟,17,N,,,
导跟踪,17,N,,,
导跟,17,N,,,
交易所上,17,N,,,
易所上市,17,N,,,
易所上,17,N,,,
于董事,17,N,,,
于董,17,N,,,
更正公告,17,N,,,
更正公,17,N,,,
正公告,17,Y,,,
正公,17,N,,,
接待,17,N,,,
市流通的,17,N,,,
流通的,17,N,,,
通的,17,N,,,
成的公告,17,N,,,
成的公,17,N,,,
议的,17,N,,,
持计划,17,Y,,,
持计,17,Y,,,
方式,17,N,,,
动力,17,N,,,
迈科技,17,N,,,
动公告,17,Y,,,
动公,17,N,,,
之法律意,17,N,,,
之法律,17,N,,,
之法,17,N,,,
公司独立,17,N,,,
公司独,17,N,,,
司独立,17,N,,,
司独,17,N,,,
资本,17,N,,,
事候选人,17,N,,,
事候选,17,N,,,
候选人,17,N,,,
事候,17,N,,,
候选,17,N,,,
选人,17,N,,,
峰岹科技,17,N,,,
峰岹科,17,N,,,
岹科技,17,N,,,
峰岹,17,N,,,
岹科,17,N,,,
三角防务,17,N,,,
三角防,17,N,,,
角防务,17,N,,,
三角,17,N,,,
角防,17,N,,,
凤凰,17,N,,,
公司的,16,N,,,
司的,16,N,,,
务报,16,N,,,
网络,16,N,,,
新疆,16,Y,,,
新材料股,16,Y,,,
调研,16,N,,,
关于北京,16,N,,,
关于北,16,N,,,
于北京,16,N,,,
向特定,16,N,,,
股票的,16,N,,,
于北,16,N,,,
向特,16,N,,,
票的,16,N,,,
增加,16,Y,,,
函的公告,16,N,,,
函的公,16,N,,,
信息披露,16,N,,,
信息披,16,N,,,
息披露,16,N,,,
息披,16,N,,,
第七,16,N,,,
内部,16,N,,,
转让,16,Y,,,
金的,16,N,,,
向不特定,16,N,,,
向不特,16,N,,,
不特定,16,N,,,
向不,16,N,,,
不特,16,N,,,
于公司第,16,N,,,
关于董事,16,N,,,
关于董,16,N,,,
集体接待,16,N,,,
体接待日,16,N,,,
接待日活,16,N,,,
待日活动,16,N,,,
上市公,16,N,,,
集体接,16,N,,,
体接待,16,N,,,
接待日,16,N,,,
待日活,16,N,,,
日活动,16,N,,,
市公,16,N,,,
集体,16,N,,,
体接,16,N,,,
待日,16,N,,,
日活,16,N,,,
预留,16,N,,,
委员,16,N,,,
提名,16,N,,,
查报告,16,Y,,,
查报,16,N,,,
券有限责,16,N,,,
一季度业,16,N,,,
季度业绩,16,Y,,,
季度业,16,N,,,
七次会议,16,N,,,
七次会,16,N,,,
部分限制,16,Y,,,
分限制性,16,Y,,,
完成的公,16,N,,,
分限制,16,Y,,,
完成的,16,N,,,
益变动报,16,N,,,
变动报告,16,N,,,
动报告书,16,N,,,
变动报,16,N,,,
动报告,16,Y,,,
动报,16,N,,,
减持计,16,Y,,,
风险,16,N,,,
发行人,16,N,,,
行人,16,N,,,
机构,16,N,,,
暂时,16,N,,,
精密,16,N,,,
生物科技,16,N,,,
生物科,16,N,,,
物科技,16,N,,,
物科,16,N,,,
金融,16,N,,,
动的公告,16,N,,,
动的公,16,N,,,
电力,16,N,,,
供担保的,16,N,,,
关于为,16,N,,,
于为,16,N,,,
董事候选,16,N,,,
董事候,16,N,,,
关于参,16,N,,,
于参,16,N,,,
集中,16,N,,,
招商,16,N,,,
航空,16,N,,,
化工,16,N,,,
利润,15,N,,,
关于回购,15,Y,,,
关于回,15,Y,,,
于回购,15,Y,,,
购公司,15,Y,,,
江新,15,Y,,,
于回,15,Y,,,
书的公告,15,N,,,
书的公,15,N,,,
药业股,15,N,,,
财务报,15,N,,,
发行保荐,15,N,,,
发行保,15,N,,,
行保荐,15,N,,,
行保,15,N,,,
反馈意见,15,N,,,
反馈意,15,N,,,
馈意见,15,N,,,
反馈,15,N,,,
馈意,15,N,,,
向特定对,15,N,,,
延期,15,N,,,
北京证券,15,N,,,
京证券交,15,N,,,
北京证,15,N,,,
京证券,15,N,,,
京证,15,N,,,
国际,15,N,,,
资金的,15,N,,,
结报告书,15,N,,,
公司公,15,N,,,
司公,15,N,,,
在北,15,N,,,
措施,15,N,,,
获得,15,N,,,
预案,15,Y,,,
控股子公,15,N,,,
控股子,15,N,,,
划的,15,N,,,
投资者网,15,N,,,
资者网上,15,N,,,
者网上集,15,N,,,
网上集体,15,N,,,
上集体接,15,N,,,
资者网,15,N,,,
者网上,15,N,,,
网上集,15,N,,,
上集体,15,N,,,
者网,15,N,,,
上集,15,N,,,
年度暨,15,N,,,
度暨,15,N,,,
六次,15,N,,,
电气,15,N,,,
票期权激,15,N,,,
期权激励,15,N,,,
期权激,15,N,,,
式权益变,15,N,,,
式权益,15,N,,,
式权,15,N,,,
人及,15,N,,,
于使用部,15,N,,,
辞职的,15,N,,,
职的,15,N,,,
物科技股,15,N,,,
第二期,15,N,,,
二期,15,N,,,
实际控制,15,N,,,
际控制人,15,N,,,
实际控,15,N,,,
际控制,15,N,,,
控制人,15,N,,,
股份的,15,N,,,
实际,15,N,,,
际控,15,N,,,
制人,15,N,,,
份的,15,N,,,
常波动公,15,N,,,
波动公告,15,N,,,
波动公,15,N,,,
情况说明,15,N,,,
情况说,15,N,,,
况说明,15,N,,,
况说,15,N,,,
关于第二,15,N,,,
于第二,15,N,,,
理的公告,15,N,,,
理的公,15,N,,,
司独立董,15,N,,,
立董事候,15,N,,,
宁波,15,N,,,
东土科技,15,N,,,
东土科,15,N,,,
土科技,15,N,,,
东土,15,N,,,
土科,15,N,,,
十九次会,15,N,,,
十九次,15,N,,,
十九,15,N,,,
集中竞价,15,N,,,
集中竞,15,N,,,
中竞价,15,N,,,
中竞,15,N,,,
竞价,15,N,,,
河南豫光,15,N,,,
南豫光金,15,N,,,
豫光金铅,15,N,,,
河南豫,15,N,,,
南豫光,15,N,,,
豫光金,15,N,,,
光金铅,15,N,,,
河南,15,N,,,
南豫,15,N,,,
豫光,15,N,,,
光金,15,N,,,
金铅,15,N,,,
股东部分,14,Y,,,
东部分股,14,Y,,,
股东部,14,N,,,
东部分,14,Y,,,
东部,14,N,,,
楚江新材,14,Y,,,
楚江新,14,Y,,,
江新材,14,Y,,,
楚江,14,N,,,
药业股份,14,N,,,
上市保荐,14,N,,,
市保荐书,14,N,,,
上市保,14,N,,,
市保荐,14,N,,,
市保,14,N,,,
临时提案,14,N,,,
临时提,14,N,,,
时提案,14,Y,,,
时提,14,N,,,
提案,14,Y,,,
延期回复,14,Y,,,
延期回,14,Y,,,
期回复,14,Y,,,
关于收,14,Y,,,
于收,14,Y,,,
特殊普通,14,N,,,
殊普通合,14,N,,,
普通合伙,14,N,,,
软件股份,14,N,,,
件股份有,14,N,,,
特殊普,14,N,,,
殊普通,14,N,,,
普通合,14,N,,,
通合伙,14,N,,,
软件股,14,N,,,
件股份,14,N,,,
华宇,14,N,,,
特殊,14,N,,,
殊普,14,N,,,
通合,14,N,,,
公司投资,14,N,,,
公司投,14,N,,,
司投资,14,N,,,
司投,14,N,,,
顾问,14,N,,,
十二次,14,N,,,
十二,14,N,,,
票并在北,14,Y,,,
并在北,14,Y,,,
会关于公,14,N,,,
于董事会,14,N,,,
电股份,14,N,,,
电股,14,N,,,
励计划预,14,N,,,
计划预留,14,N,,,
解除限售,14,N,,,
股份上市,14,N,,,
计划预,14,N,,,
划预留,14,N,,,
解除限,14,N,,,
除限售,14,N,,,
股份上,14,N,,,
份上市,14,N,,,
划预,14,N,,,
除限,14,N,,,
份上,14,N,,,
委员会,14,N,,,
员会,14,N,,,
选举,14,N,,,
六次会议,14,N,,,
六次会,14,N,,,
关于股东,14,N,,,
于股东,14,N,,,
计划的,14,N,,,
东减持股,14,Y,,,
协议,14,Y,,,
授予激励,14,N,,,
予激励对,14,N,,,
授予激,14,N,,,
予激励,14,N,,,
予激,14,N,,,
公示,14,Y,,,
中国证,14,N,,,
国证,14,N,,,
天铁,14,N,,,
限公司独,14,N,,,
工作报告,14,N,,,
工作报,14,N,,,
作报告,14,Y,,,
作报,14,N,,,
公司提,14,N,,,
司提,14,N,,,
能源股份,14,N,,,
新能源,14,Y,,,
能源股,14,N,,,
源股份,14,N,,,
源股,14,N,,,
三次会议,14,N,,,
三次会,14,N,,,
限公司股,14,N,,,
上海证券,14,N,,,
海证券交,14,N,,,
上海证,14,N,,,
东北,14,N,,,
第九届,14,N,,,
九届,14,N,,,
会会议材,14,N,,,
会议材料,14,N,,,
会议材,14,N,,,
议材料,14,N,,,
议材,14,N,,,
事会第一,14,N,,,
会第一,14,N,,,
中国东方,14,N,,,
国东方航,14,N,,,
东方航空,14,N,,,
中国东,14,N,,,
国东方,14,N,,,
东方航,14,N,,,
方航空,14,N,,,
国东,14,N,,,
方航,14,N,,,
一届,14,N,,,
英集芯,14,N,,,
英集,14,N,,,
集芯,14,N,,,
光金铅股,14,N,,,
金铅股份,14,N,,,
铅股份有,14,N,,,
金铅股,14,N,,,
铅股份,14,N,,,
铅股,14,N,,,
回购公司,13,Y,,,
回购公,13,Y,,,
次临时会,13,N,,,
临时会议,13,N,,,
临时会,13,N,,,
时会议,13,N,,,
五次,13,N,,,
时会,13,N,,,
关于广,13,N,,,
于广,13,N,,,
财务报表,13,N,,,
务报表,13,N,,,
行保荐书,13,N,,,
调研活动,13,N,,,
调研活,13,N,,,
研活动,13,N,,,
研活,13,N,,,
暨股,13,N,,,
关于收到,13,N,,,
于收到,13,N,,,
华宇软件,13,N,,,
度报告的,13,N,,,
华宇软,13,N,,,
宇软件,13,N,,,
宇软,13,N,,,
评估,13,N,,,
司投资者,13,N,,,
